{
  "operating_threshold": 0.45,
  "feature_order": [
    "Time",
    "V1",
    "V2",
    "V3",
    "V4",
    "V5",
    "V6",
    "V7",
    "V8",
    "V9",
    "V10",
    "V11",
    "V12",
    "V13",
    "V14",
    "V15",
    "V16",
    "V17",
    "V18",
    "V19",
    "V20",
    "V21",
    "V22",
    "V23",
    "V24",
    "V25",
    "V26",
    "V27",
    "V28",
    "Amount"
  ],
  "roc_auc": 0.9701834109465055,
  "pr_auc": 0.8193088324975564,
  "precision_at_threshold": 0.7923076923076923,
  "recall_at_threshold": 0.8373983739837398,
  "n_synth_fraud": 23324,
  "target_ratio": 0.1
}