Feature,Real_Mean,Syn_Mean,Mean_Diff,Real_Std,Syn_Std,Std_Ratio
V1,-2.441617761309153,-1.0665008,1.3751169783425392,3.492616848548024,0.20366300642490387,0.05831243885500127
V4,3.2972110642156713,1.2880869,2.009124173041355,2.036234812000073,0.2587180733680725,0.12705709176730412
V14,-7.306966157436876,-2.3664103,4.940555902004747,4.4775915091660945,0.4566049575805664,0.10197557250272801
Amount,0.15476302114641302,0.7541191,0.5993560770400799,1.05655079555486,0.2040848731994629,0.19316144009175187
